Mês,YearMonthKey,ISR_SA,DoS_calculated,DoS_manual,Erro_dias,Status
Oct/1994,199410,1.67,50.099999999999994,50.099999999999994,0.0,✅ PASS
Jul/1995,199507,1.72,51.6,51.6,0.0,✅ PASS
Nov/1997,199711,1.65,49.5,49.5,0.0,✅ PASS
Jun/2015,201506,1.45,43.5,43.5,0.0,✅ PASS
Aug/2015,201508,1.45,43.5,43.5,0.0,✅ PASS
