Comparação,YearMonthKey,ISR_SA_current,ISR_SA_m12,YoY_pct_calculated,YoY_pct_manual,Erro_pp,Status
May/2024 → May/2025,202505,1.3,1.3,0.0,0.0,0.0,✅ PASS
Jun/2024 → Jun/2025,202506,1.29,1.32,-2.2727272727272747,-2.2727272727272747,0.0,✅ PASS
Jul/2024 → Jul/2025,202507,1.29,1.31,-1.5267175572519098,-1.5267175572519098,0.0,✅ PASS
