Par,YearMonthKey,ISR_SA_current,ISR_SA_previous,MoM_pct_calculated,MoM_pct_manual,Erro_pp,Status
Apr/2025 → May/2025,202505,1.3,1.29,0.7751937984496131,0.7751937984496131,0.0,✅ PASS
May/2025 → Jun/2025,202506,1.29,1.3,-0.7692307692307698,-0.7692307692307698,0.0,✅ PASS
Jun/2025 → Jul/2025,202507,1.29,1.29,0.0,0.0,0.0,✅ PASS
