Mês,YearMonthKey,ISR_SA,Giro_calculated,Giro_manual,Erro_voltas_ano,Status
Oct/1994,199410,1.67,7.185628742514971,7.185628742514971,0.0,✅ PASS
Jul/1995,199507,1.72,6.976744186046512,6.976744186046512,0.0,✅ PASS
Nov/1997,199711,1.65,7.272727272727273,7.272727272727273,0.0,✅ PASS
Jun/2015,201506,1.45,8.275862068965518,8.275862068965518,0.0,✅ PASS
Aug/2015,201508,1.45,8.275862068965518,8.275862068965518,0.0,✅ PASS
